{
  "elevators": {
    "fbi_elevator": {
      "floors": {
		"پارکینگ": {"x": 144.593414, "y": -689.103271, "z": 33.121582},
        "طبقه همکف": {"x": 136.127472, "y": -761.762634, "z": 45.742188},
		"پشت بام": {"x": 141.296707, "y": -734.914307, "z": 262.835205},
        "طبقه 49": {"x": 136.114288, "y": -761.907715, "z": 242.143555}
      }
    }
  }
}
